{
  "experiment_id": "hybrid_rag",
  "experiment_name": "hybrid_rag",
  "experiment_version": null,
  "created_at": "2026-01-27T08:24:33.756742",
  "timestamp": "20260127_082433",
  "total_samples": 100,
  "metrics": {
    "avg_hit@1": 0.06,
    "avg_mrr@1": 0.06,
    "avg_recall@1": 0.06,
    "avg_precision@1": 0.06,
    "avg_hit@3": 0.07,
    "avg_mrr@3": 0.06333333333333332,
    "avg_recall@3": 0.07,
    "avg_precision@3": 0.02333333333333333,
    "avg_hit@5": 0.15,
    "avg_mrr@5": 0.08083333333333333,
    "avg_recall@5": 0.15,
    "avg_precision@5": 0.030000000000000006,
    "avg_hit@10": 0.24,
    "avg_mrr@10": 0.09281746031746031,
    "avg_recall@10": 0.24,
    "avg_precision@10": 0.024000000000000004,
    "avg_f1": 0.7878275570583263,
    "avg_exact_match": 0.72,
    "avg_precision": 0.7907509157509157,
    "avg_recall": 0.7954822954822954,
    "avg_simple_context_coverage": 0.3061149732620321,
    "avg_simple_answer_context_overlap": 0.011372123993517272,
    "avg_simple_ground_truth_coverage": 0.2545,
    "latency_retrieval_count": 100,
    "latency_retrieval_mean": 104.19230461120605,
    "latency_retrieval_std": 58.190448662422696,
    "latency_retrieval_min": 86.87734603881836,
    "latency_retrieval_max": 676.4798164367676,
    "latency_retrieval_p50": 95.78275680541992,
    "latency_retrieval_p90": 110.07080078125003,
    "latency_retrieval_p95": 114.59043025970459,
    "latency_retrieval_p99": 151.50675296783717,
    "latency_generation_count": 100,
    "latency_generation_mean": 581.0495328903198,
    "latency_generation_std": 5217.434632628603,
    "latency_generation_min": 28.497695922851562,
    "latency_generation_max": 52490.448236465454,
    "latency_generation_p50": 38.80012035369873,
    "latency_generation_p90": 126.77030563354501,
    "latency_generation_p95": 188.32942247390744,
    "latency_generation_p99": 943.958528042106,
    "latency_total_count": 100,
    "latency_total_mean": 685.2744054794312,
    "latency_total_std": 5274.989169982489,
    "latency_total_min": 119.89402770996094,
    "latency_total_max": 53166.97597503662,
    "latency_total_p50": 134.42039489746094,
    "latency_total_p90": 225.56324005126956,
    "latency_total_p95": 304.40900325775146,
    "latency_total_p99": 1048.6471581461738,
    "throughput_samples_count": 100,
    "throughput_total_time_sec": 68.52744054794312,
    "throughput_queries_per_second": 1.4592694430202464,
    "throughput_avg_time_per_query_ms": 685.2744054794312,
    "timeout_timeout_threshold_ms": 5000,
    "timeout_timeout_count": 1,
    "timeout_timeout_rate": 0.01,
    "timeout_within_sla_count": 99,
    "timeout_within_sla_rate": 0.99
  },
  "latency": {
    "retrieval": {
      "count": 100,
      "mean": 104.19230461120605,
      "std": 58.190448662422696,
      "min": 86.87734603881836,
      "max": 676.4798164367676,
      "p50": 95.78275680541992,
      "p90": 110.07080078125003,
      "p95": 114.59043025970459,
      "p99": 151.50675296783717
    },
    "generation": {
      "count": 100,
      "mean": 581.0495328903198,
      "std": 5217.434632628603,
      "min": 28.497695922851562,
      "max": 52490.448236465454,
      "p50": 38.80012035369873,
      "p90": 126.77030563354501,
      "p95": 188.32942247390744,
      "p99": 943.958528042106
    },
    "total": {
      "count": 100,
      "mean": 685.2744054794312,
      "std": 5274.989169982489,
      "min": 119.89402770996094,
      "max": 53166.97597503662,
      "p50": 134.42039489746094,
      "p90": 225.56324005126956,
      "p95": 304.40900325775146,
      "p99": 1048.6471581461738
    }
  },
  "config": {
    "k_values": [
      1,
      3,
      5,
      10
    ],
    "ragas_enabled": false,
    "wandb_enabled": false
  }
}