{
  "experiment_id": "reranked_hybrid_rag",
  "experiment_name": "reranked_hybrid_rag",
  "experiment_version": null,
  "created_at": "2026-01-28T10:26:10.795812",
  "timestamp": "20260128_102610",
  "total_samples": 100,
  "metrics": {
    "avg_hit@1": 0.11,
    "avg_mrr@1": 0.11,
    "avg_recall@1": 0.11,
    "avg_precision@1": 0.11,
    "avg_hit@3": 0.21,
    "avg_mrr@3": 0.15333333333333332,
    "avg_recall@3": 0.21,
    "avg_precision@3": 0.07,
    "avg_hit@5": 0.27,
    "avg_mrr@5": 0.16733333333333333,
    "avg_recall@5": 0.265,
    "avg_precision@5": 0.054000000000000006,
    "avg_hit@10": 0.41,
    "avg_mrr@10": 0.18438095238095237,
    "avg_recall@10": 0.3916666666666667,
    "avg_precision@10": 0.040999999999999995,
    "avg_f1": 0.8165847530396025,
    "avg_exact_match": 0.73,
    "avg_precision": 0.8208485958485958,
    "avg_recall": 0.8247863247863246,
    "avg_simple_context_coverage": 0.18456926406926408,
    "avg_simple_answer_context_overlap": 0.02277063998067612,
    "avg_simple_ground_truth_coverage": 0.11800000000000001,
    "latency_retrieval_count": 100,
    "latency_retrieval_mean": 833.784019947052,
    "latency_retrieval_std": 186.509227498821,
    "latency_retrieval_min": 358.612060546875,
    "latency_retrieval_max": 1628.4728050231934,
    "latency_retrieval_p50": 852.506160736084,
    "latency_retrieval_p90": 1007.8219413757325,
    "latency_retrieval_p95": 1073.3029127120972,
    "latency_retrieval_p99": 1246.1641216278097,
    "latency_generation_count": 100,
    "latency_generation_mean": 539.697368144989,
    "latency_generation_std": 4751.295379693208,
    "latency_generation_min": 27.397632598876953,
    "latency_generation_max": 47807.228565216064,
    "latency_generation_p50": 31.444430351257324,
    "latency_generation_p90": 128.52857112884533,
    "latency_generation_p95": 218.37269067764254,
    "latency_generation_p99": 1097.2306251528294,
    "latency_total_count": 100,
    "latency_total_mean": 1373.5181021690369,
    "latency_total_std": 4834.419336387836,
    "latency_total_min": 387.3028755187988,
    "latency_total_max": 49435.82344055176,
    "latency_total_p50": 900.2468585968018,
    "latency_total_p90": 1176.4146566390991,
    "latency_total_p95": 1240.5010223388672,
    "latency_total_p99": 1921.8026638033461,
    "throughput_samples_count": 100,
    "throughput_total_time_sec": 137.3518102169037,
    "throughput_queries_per_second": 0.728057386663355,
    "throughput_avg_time_per_query_ms": 1373.5181021690369,
    "timeout_timeout_threshold_ms": 5000,
    "timeout_timeout_count": 1,
    "timeout_timeout_rate": 0.01,
    "timeout_within_sla_count": 99,
    "timeout_within_sla_rate": 0.99
  },
  "latency": {
    "retrieval": {
      "count": 100,
      "mean": 833.784019947052,
      "std": 186.509227498821,
      "min": 358.612060546875,
      "max": 1628.4728050231934,
      "p50": 852.506160736084,
      "p90": 1007.8219413757325,
      "p95": 1073.3029127120972,
      "p99": 1246.1641216278097
    },
    "generation": {
      "count": 100,
      "mean": 539.697368144989,
      "std": 4751.295379693208,
      "min": 27.397632598876953,
      "max": 47807.228565216064,
      "p50": 31.444430351257324,
      "p90": 128.52857112884533,
      "p95": 218.37269067764254,
      "p99": 1097.2306251528294
    },
    "total": {
      "count": 100,
      "mean": 1373.5181021690369,
      "std": 4834.419336387836,
      "min": 387.3028755187988,
      "max": 49435.82344055176,
      "p50": 900.2468585968018,
      "p90": 1176.4146566390991,
      "p95": 1240.5010223388672,
      "p99": 1921.8026638033461
    }
  },
  "config": {
    "k_values": [
      1,
      3,
      5,
      10
    ],
    "ragas_enabled": false,
    "wandb_enabled": false
  }
}