{
  "experiment_id": "pach_reranked_hybrid_rag",
  "experiment_name": "pach_reranked_hybrid_rag",
  "experiment_version": null,
  "created_at": "2026-01-28T10:17:54.985507",
  "timestamp": "20260128_101754",
  "total_samples": 100,
  "metrics": {
    "avg_hit@1": 0.11,
    "avg_mrr@1": 0.11,
    "avg_recall@1": 0.11,
    "avg_precision@1": 0.11,
    "avg_hit@3": 0.21,
    "avg_mrr@3": 0.15333333333333332,
    "avg_recall@3": 0.21,
    "avg_precision@3": 0.07,
    "avg_hit@5": 0.27,
    "avg_mrr@5": 0.16733333333333333,
    "avg_recall@5": 0.265,
    "avg_precision@5": 0.054000000000000006,
    "avg_hit@10": 0.41,
    "avg_mrr@10": 0.18438095238095237,
    "avg_recall@10": 0.3916666666666667,
    "avg_precision@10": 0.040999999999999995,
    "avg_f1": 0.8430625245200143,
    "avg_exact_match": 0.75,
    "avg_precision": 0.8507431910493135,
    "avg_recall": 0.85995115995116,
    "avg_simple_context_coverage": 0.17097077922077922,
    "avg_simple_answer_context_overlap": 0.02275625055548768,
    "avg_simple_ground_truth_coverage": 0.11800000000000001,
    "latency_retrieval_count": 100,
    "latency_retrieval_mean": 839.9172735214233,
    "latency_retrieval_std": 177.75841655230101,
    "latency_retrieval_min": 357.6533794403076,
    "latency_retrieval_max": 1284.0144634246826,
    "latency_retrieval_p50": 856.0054302215576,
    "latency_retrieval_p90": 1021.3824033737184,
    "latency_retrieval_p95": 1083.802342414856,
    "latency_retrieval_p99": 1250.2452588081362,
    "latency_generation_count": 100,
    "latency_generation_mean": 552.9393458366394,
    "latency_generation_std": 4741.6160703839305,
    "latency_generation_min": 27.248382568359375,
    "latency_generation_max": 47722.177028656006,
    "latency_generation_p50": 31.136393547058105,
    "latency_generation_p90": 163.38469982147228,
    "latency_generation_p95": 270.51442861556995,
    "latency_generation_p99": 1151.4254546167872,
    "latency_total_count": 100,
    "latency_total_mean": 1392.893762588501,
    "latency_total_std": 4790.133866755367,
    "latency_total_min": 386.699914932251,
    "latency_total_max": 49006.247997283936,
    "latency_total_p50": 914.5965576171875,
    "latency_total_p90": 1208.6814165115356,
    "latency_total_p95": 1277.579593658447,
    "latency_total_p99": 1994.8879528048083,
    "throughput_samples_count": 100,
    "throughput_total_time_sec": 139.2893762588501,
    "throughput_queries_per_second": 0.717929842791196,
    "throughput_avg_time_per_query_ms": 1392.893762588501,
    "timeout_timeout_threshold_ms": 5000,
    "timeout_timeout_count": 1,
    "timeout_timeout_rate": 0.01,
    "timeout_within_sla_count": 99,
    "timeout_within_sla_rate": 0.99
  },
  "latency": {
    "retrieval": {
      "count": 100,
      "mean": 839.9172735214233,
      "std": 177.75841655230101,
      "min": 357.6533794403076,
      "max": 1284.0144634246826,
      "p50": 856.0054302215576,
      "p90": 1021.3824033737184,
      "p95": 1083.802342414856,
      "p99": 1250.2452588081362
    },
    "generation": {
      "count": 100,
      "mean": 552.9393458366394,
      "std": 4741.6160703839305,
      "min": 27.248382568359375,
      "max": 47722.177028656006,
      "p50": 31.136393547058105,
      "p90": 163.38469982147228,
      "p95": 270.51442861556995,
      "p99": 1151.4254546167872
    },
    "total": {
      "count": 100,
      "mean": 1392.893762588501,
      "std": 4790.133866755367,
      "min": 386.699914932251,
      "max": 49006.247997283936,
      "p50": 914.5965576171875,
      "p90": 1208.6814165115356,
      "p95": 1277.579593658447,
      "p99": 1994.8879528048083
    }
  },
  "config": {
    "k_values": [
      1,
      3,
      5,
      10
    ],
    "ragas_enabled": false,
    "wandb_enabled": false
  }
}