{
  "experiment_id": "vanilla_rag",
  "experiment_name": "vanilla_rag",
  "experiment_version": null,
  "created_at": "2026-01-27T08:19:55.109875",
  "timestamp": "20260127_081955",
  "total_samples": 100,
  "metrics": {
    "avg_hit@1": 0.02,
    "avg_mrr@1": 0.02,
    "avg_recall@1": 0.02,
    "avg_precision@1": 0.02,
    "avg_hit@3": 0.09,
    "avg_mrr@3": 0.05166666666666666,
    "avg_recall@3": 0.09,
    "avg_precision@3": 0.03,
    "avg_hit@5": 0.12,
    "avg_mrr@5": 0.05766666666666667,
    "avg_recall@5": 0.12,
    "avg_precision@5": 0.024000000000000004,
    "avg_hit@10": 0.17,
    "avg_mrr@10": 0.06486904761904762,
    "avg_recall@10": 0.17,
    "avg_precision@10": 0.017,
    "avg_f1": 0.7493073088859791,
    "avg_exact_match": 0.69,
    "avg_precision": 0.7486825002954035,
    "avg_recall": 0.7600732600732599,
    "avg_simple_context_coverage": 0.5061851851851852,
    "avg_simple_answer_context_overlap": 0.008347593373796244,
    "avg_simple_ground_truth_coverage": 0.4311666666666667,
    "latency_retrieval_count": 100,
    "latency_retrieval_mean": 29.151346683502197,
    "latency_retrieval_std": 39.33648187202613,
    "latency_retrieval_min": 21.411657333374023,
    "latency_retrieval_max": 418.9884662628174,
    "latency_retrieval_p50": 24.829983711242676,
    "latency_retrieval_p90": 27.564406394958496,
    "latency_retrieval_p95": 28.43849658966064,
    "latency_retrieval_p99": 57.80698537826725,
    "latency_generation_count": 100,
    "latency_generation_mean": 563.3710551261902,
    "latency_generation_std": 4936.821028318589,
    "latency_generation_min": 28.278827667236328,
    "latency_generation_max": 49676.28026008606,
    "latency_generation_p50": 42.8997278213501,
    "latency_generation_p90": 128.90121936798104,
    "latency_generation_p95": 179.93963956832818,
    "latency_generation_p99": 1095.9776520731575,
    "latency_total_count": 100,
    "latency_total_mean": 592.5536394119263,
    "latency_total_std": 4975.999847973097,
    "latency_total_min": 51.43141746520996,
    "latency_total_max": 50095.31903266907,
    "latency_total_p50": 68.4201717376709,
    "latency_total_p90": 152.9411554336549,
    "latency_total_p95": 226.4859318733209,
    "latency_total_p99": 1124.7375679018644,
    "throughput_samples_count": 100,
    "throughput_total_time_sec": 59.25536394119263,
    "throughput_queries_per_second": 1.6876109325603665,
    "throughput_avg_time_per_query_ms": 592.5536394119263,
    "timeout_timeout_threshold_ms": 5000,
    "timeout_timeout_count": 1,
    "timeout_timeout_rate": 0.01,
    "timeout_within_sla_count": 99,
    "timeout_within_sla_rate": 0.99
  },
  "latency": {
    "retrieval": {
      "count": 100,
      "mean": 29.151346683502197,
      "std": 39.33648187202613,
      "min": 21.411657333374023,
      "max": 418.9884662628174,
      "p50": 24.829983711242676,
      "p90": 27.564406394958496,
      "p95": 28.43849658966064,
      "p99": 57.80698537826725
    },
    "generation": {
      "count": 100,
      "mean": 563.3710551261902,
      "std": 4936.821028318589,
      "min": 28.278827667236328,
      "max": 49676.28026008606,
      "p50": 42.8997278213501,
      "p90": 128.90121936798104,
      "p95": 179.93963956832818,
      "p99": 1095.9776520731575
    },
    "total": {
      "count": 100,
      "mean": 592.5536394119263,
      "std": 4975.999847973097,
      "min": 51.43141746520996,
      "max": 50095.31903266907,
      "p50": 68.4201717376709,
      "p90": 152.9411554336549,
      "p95": 226.4859318733209,
      "p99": 1124.7375679018644
    }
  },
  "config": {
    "k_values": [
      1,
      3,
      5,
      10
    ],
    "ragas_enabled": false,
    "wandb_enabled": false
  }
}